{"cameraMode":{"drawMode":0,"name":"Shaded","section":"Shading Mode"},"sceneLighting":true,"audioPlay":false,"sceneViewState":{"m_AlwaysRefresh":false,"showFog":true,"showSkybox":true,"showFlares":true,"showImageEffects":true,"showParticleSystems":true,"showVisualEffectGraphs":true,"m_FxEnabled":true},"in2DMode":false,"pivot":{"x":194.3584747314453,"y":2.7256526947021486,"z":2.278778076171875},"rotation":{"x":0.09567567706108093,"y":-0.8821768164634705,"z":0.20413781702518464,"w":0.41347405314445498},"size":13.529825210571289,"orthographic":false}